date,grand_Xit,grand_Rit,num_node,grand_Rt,cutoff_I
2020-01-26,3,2,1,0.6666666666666666,0.5
2020-02-08,1,1,1,1,0.5
2020-02-09,1,1,1,1,0.5
2020-02-10,1,1,1,1,0.5
2020-02-11,1,1,1,1,0.5
2020-02-12,6,6,5,1,0.5
2020-02-13,21,14,6,0.6666666666666666,0.5
2020-02-14,21,14,6,0.6666666666666666,0.5
2020-02-15,23,16,7,0.6956521739130435,0.5
2020-02-16,26,19,8,0.7307692307692307,0.5
2020-02-17,26,21,8,0.8076923076923077,0.5
2020-02-18,64,46,10,0.71875,0.5
2020-02-19,64,48,10,0.75,0.5
2020-02-20,66,48,10,0.7272727272727273,0.5
2020-02-21,119,82,12,0.6890756302521008,0.5
2020-02-22,120,82,12,0.6833333333333333,0.5
2020-02-23,209,137,13,0.6555023923444976,0.5
2020-02-24,212,140,13,0.660377358490566,0.5
2020-02-25,208,145,13,0.6971153846153846,0.5
2020-02-26,218,153,12,0.7018348623853211,0.5
2020-02-27,221,149,12,0.6742081447963801,0.5
2020-02-28,189,134,11,0.708994708994709,0.5
2020-02-29,193,144,11,0.7461139896373057,0.5
2020-03-01,196,143,10,0.7295918367346939,0.5
2020-03-02,207,152,10,0.7342995169082126,0.5
2020-03-03,181,134,9,0.7403314917127072,0.5
2020-03-04,179,131,8,0.7318435754189944,0.5
2020-03-05,185,130,7,0.7027027027027027,0.5
2020-03-06,196,128,6,0.6530612244897959,0.5
2020-03-07,211,128,6,0.6066350710900474,0.5
2020-03-08,232,128,6,0.5517241379310345,0.5
2020-03-09,86,50,5,0.5813953488372093,0.5
2020-03-10,85,49,6,0.5764705882352941,0.5
2020-03-11,268,142,6,0.5298507462686567,0.5
2020-03-12,207,107,4,0.5169082125603864,0.5
2020-03-13,3,3,3,1,0.5
2020-03-14,5,4,4,0.8,0.5
2020-03-15,4,3,3,0.75,0.5
2020-03-16,1,1,1,1,0.5
2020-03-17,1,1,1,1,0.5
2020-03-18,1,1,1,1,0.5
2020-03-19,1,1,1,1,0.5
2020-03-20,1,1,1,1,0.5
2020-03-21,1,1,1,1,0.5
2020-03-22,1,1,1,1,0.5
2020-03-23,2,1,1,0.5,0.5
2020-03-24,10,5,3,0.5,0.5
2020-03-25,13,8,1,0.6153846153846154,0.5
2020-03-26,13,8,1,0.6153846153846154,0.5
2020-03-27,13,9,1,0.6923076923076923,0.5
2020-03-28,10075,5086,4,0.5048138957816377,0.5
2020-03-29,10193,5319,4,0.5218287059746886,0.5
2020-03-30,10382,5558,5,0.5353496436139472,0.5
2020-03-31,10540,5761,5,0.546584440227704,0.5
2020-04-01,10638,5966,6,0.5608197029516826,0.5
2020-04-02,10885,6321,7,0.5807073954983922,0.5
2020-04-03,11106,6560,6,0.5906717089861336,0.5
2020-04-04,12898,7877,8,0.6107148395100016,0.5
2020-04-05,13249,8178,9,0.6172541323873499,0.5
2020-04-06,11650,7393,9,0.6345922746781116,0.5
2020-04-07,14427,8869,12,0.6147501213003397,0.5
2020-04-08,12223,7847,14,0.6419864190460607,0.5
2020-04-09,12524,8209,16,0.6554615138933249,0.5
2020-04-10,80972,43947,17,0.542743170478684,0.5
2020-04-11,83066,50705,17,0.6104182216550694,0.5
2020-04-12,124985,73047,20,0.5844461335360244,0.5
2020-04-13,255100,142474,25,0.5585025480203841,0.5
2020-04-14,262852,150860,29,0.5739351422093041,0.5
2020-04-15,298427,176373,31,0.5910088564372526,0.5
2020-04-16,293626,178818,31,0.6089992030678482,0.5
2020-04-17,291735,184873,31,0.6337018184311104,0.5
2020-04-18,303751,195241,34,0.6427666081757756,0.5
2020-04-19,345932,223672,39,0.6465779401732132,0.5
2020-04-20,355413,233191,40,0.6561127477047829,0.5
2020-04-21,373683,249193,41,0.6668566672821616,0.5
2020-04-22,383111,261082,42,0.6814787359277077,0.5
2020-04-23,388823,269087,42,0.6920552539330235,0.5
2020-04-24,417490,291699,45,0.698696974777839,0.5
2020-04-25,422618,295787,48,0.6998921011409831,0.5
2020-04-26,433072,303852,52,0.7016200539402224,0.5
2020-04-27,441690,311459,55,0.7051529353166248,0.5
2020-04-28,403706,299126,57,0.7409500973480702,0.5
2020-04-29,643321,428343,60,0.6658308993488476,0.5
2020-04-30,652499,440894,62,0.6757006524147929,0.5
2020-05-01,659714,448112,63,0.6792519182554865,0.5
2020-05-02,667674,458991,66,0.6874477664249319,0.5
2020-05-03,804868,531930,69,0.6608909783964576,0.5
2020-05-04,809035,543494,68,0.6717805780961269,0.5
2020-05-05,805528,553541,68,0.6871778510492497,0.5
2020-05-06,817515,575376,72,0.7038109392488211,0.5
2020-05-07,825691,587170,71,0.7111255905659624,0.5
2020-05-08,834420,599069,71,0.7179465976366818,0.5
2020-05-09,853822,616970,73,0.7225979185357135,0.5
2020-05-10,876856,634297,73,0.7233764723056009,0.5
2020-05-11,883664,644006,72,0.7287905810353257,0.5
2020-05-12,893348,658805,75,0.7374561760926314,0.5
2020-05-13,1120842,782905,75,0.6984972012112323,0.5
2020-05-14,1156484,810821,78,0.7011087053517385,0.5
2020-05-15,1167069,826908,79,0.7085339427231809,0.5
2020-05-16,1251625,876234,81,0.7000770997702986,0.5
2020-05-17,1261469,887825,81,0.703802471562916,0.5
2020-05-18,1295727,915780,84,0.7067692500040518,0.5
2020-05-19,1371061,959531,87,0.6998455940326507,0.5
2020-05-20,1378033,970585,85,0.7043263840561148,0.5
2020-05-21,1387005,986357,87,0.711141632510337,0.5
2020-05-22,1455026,1030973,90,0.708559847040534,0.5
2020-05-23,1460235,1040767,90,0.712739387838259,0.5
2020-05-24,1512696,1075354,92,0.7108857298492228,0.5
2020-05-25,1549788,1101362,93,0.710653328068097,0.5
2020-05-26,1591132,1131737,93,0.711277882664669,0.5
2020-05-27,1609937,1150751,94,0.7147801435708354,0.5
2020-05-28,1637799,1176040,97,0.7180612517164805,0.5
2020-05-29,1660671,1196909,99,0.7207381835414721,0.5
2020-05-30,1674145,1213667,98,0.724947361190339,0.5
2020-05-31,1782263,1279712,100,0.7180264641077102,0.5
2020-06-01,1797416,1296120,99,0.7211018484313036,0.5
2020-06-02,1917330,1397366,102,0.7288082906959157,0.5
2020-06-03,1963704,1431553,105,0.729006510146132,0.5
2020-06-04,1986067,1451463,106,0.7308227768751003,0.5
2020-06-05,2013444,1476994,105,0.733565969552667,0.5
2020-06-06,2040968,1501066,105,0.7354676800420192,0.5
2020-06-07,2071474,1524068,108,0.7357408299597291,0.5
2020-06-08,2789314,1927429,109,0.6910046699654467,0.5
2020-06-09,2836709,1978352,112,0.6974109787080733,0.5
2020-06-10,3452538,2301651,114,0.666654791344802,0.5
2020-06-11,3523888,2352066,112,0.6674633246005548,0.5
2020-06-12,3590758,2402500,111,0.6690787850364742,0.5
2020-06-13,4200134,2723332,113,0.6483916941697574,0.5
2020-06-14,4278139,2776841,112,0.6490768532766233,0.5
2020-06-15,4357407,2836515,114,0.6509639792656504,0.5
2020-06-16,4423749,2897239,113,0.6549284328744691,0.5
2020-06-17,4549046,2997663,114,0.6589651984174264,0.5
2020-06-18,4638411,3058026,113,0.6592831036318256,0.5
2020-06-19,4781805,3159958,115,0.6608295403095693,0.5
2020-06-20,4910692,3254736,115,0.662785611477975,0.5
2020-06-21,5005303,3305595,114,0.6604185600751843,0.5
2020-06-22,5083453,3367709,114,0.6624845356099486,0.5
2020-06-23,5140227,3439266,113,0.6690883496001246,0.5
2020-06-24,5245872,3534639,114,0.6737943663131697,0.5
2020-06-25,5351551,3604439,113,0.6735316546548842,0.5
2020-06-26,5478167,3696530,115,0.6747749749140542,0.5
2020-06-27,5592160,3778413,112,0.6756625346914251,0.5
2020-06-28,5557628,3776429,110,0.6795037379256043,0.5
2020-06-29,5611989,3819232,109,0.680548732365655,0.5
2020-06-30,5739704,3928003,110,0.6843563709905598,0.5
2020-07-01,5831541,4012445,108,0.6880591253666912,0.5
2020-07-02,6162736,4329671,110,0.7025566242006797,0.5
2020-07-03,6315234,4431752,111,0.7017557860880531,0.5
2020-07-04,6425173,4505803,110,0.7012734131828046,0.5
2020-07-05,6536307,4601479,112,0.7039875880982946,0.5
2020-07-06,6626386,4692268,112,0.7081187241431453,0.5
2020-07-07,6727954,4815313,113,0.7157172893869369,0.5
2020-07-08,6887928,4942632,113,0.7175789293964745,0.5
2020-07-09,7020017,5046761,116,0.7189100824114814,0.5
2020-07-10,7153360,5163715,118,0.7218586789984007,0.5
2020-07-11,7292265,5262702,120,0.7216827693453268,0.5
2020-07-12,7549196,5414059,119,0.7171702787952519,0.5
2020-07-13,7648483,5511010,119,0.7205363468808128,0.5
2020-07-14,7799773,5646564,120,0.7239395300350407,0.5
2020-07-15,8241404,5915898,122,0.7178264771390894,0.5
2020-07-16,8386975,6041280,120,0.7203169199860499,0.5
2020-07-17,8614244,6225210,121,0.7226646935006716,0.5
2020-07-18,8782883,6337402,123,0.7215628399012033,0.5
2020-07-19,8921855,6419918,123,0.7195721069217108,0.5
2020-07-20,9052915,6558669,124,0.7244814515545546,0.5
2020-07-21,9201420,6709962,125,0.7292311404109366,0.5
2020-07-22,9357249,6847360,124,0.7317706304491843,0.5
2020-07-23,9610413,7018539,128,0.7303056590804162,0.5
2020-07-24,10017295,7315914,128,0.7303282972099754,0.5
2020-07-25,10200957,7509876,128,0.7361932806892529,0.5
2020-07-26,10377765,7629057,129,0.7351348773073971,0.5
2020-07-27,10517618,7763612,128,0.73815306849897,0.5
2020-07-28,10661461,7895691,128,0.7405824586330148,0.5
2020-07-29,10902984,8087397,129,0.7417599622268546,0.5
2020-07-30,11197342,8295747,130,0.7408675201668395,0.5
2020-07-31,11417728,8468125,131,0.7416646288999003,0.5
2020-08-01,11573517,8606412,129,0.7436297885940808,0.5
2020-08-02,11775869,8739834,131,0.7421816597993744,0.5
2020-08-03,12012229,8945960,132,0.744737716871698,0.5
2020-08-04,12209911,9166883,135,0.7507739409402738,0.5
2020-08-05,12100012,9179668,134,0.7586494955542192,0.5
2020-08-06,12399373,9387831,136,0.7571214286399804,0.5
2020-08-07,12542087,9517417,133,0.7588383815229475,0.5
2020-08-08,12741251,9690121,133,0.7605313638354664,0.5
2020-08-09,12921609,9848995,131,0.7622111921201145,0.5
2020-08-10,12961244,9940920,131,0.7669726763881615,0.5
2020-08-11,13369789,10308017,133,0.7709932445455946,0.5
2020-08-12,13573084,10504651,132,0.7739325123162871,0.5
2020-08-13,13779458,10640738,131,0.7722174558680029,0.5
2020-08-14,13996543,10897908,132,0.7786142621074361,0.5
2020-08-15,14196912,11040771,132,0.7776882043080918,0.5
2020-08-16,14537330,11328609,134,0.7792771437396,0.5
2020-08-17,14693409,11501845,133,0.7827894125862828,0.5
2020-08-18,14854244,11693821,135,0.7872377079574027,0.5
2020-08-19,15058334,11878586,135,0.7888379949601331,0.5
2020-08-20,15253880,12053427,133,0.7901876112831621,0.5
2020-08-21,15467784,12202976,134,0.7889285239566314,0.5
2020-08-22,15650698,12387417,133,0.7914929417205546,0.5
2020-08-23,15841136,12581996,133,0.7942609671427605,0.5
2020-08-24,16022421,12764584,134,0.7966701162077816,0.5
2020-08-25,16074198,12901849,133,0.8026434040441707,0.5
2020-08-26,16274664,13088397,131,0.8042191838799253,0.5
2020-08-27,16481915,13274254,132,0.8053829909934617,0.5
2020-08-28,16686053,13447735,131,0.8059266622250331,0.5
2020-08-29,16889686,13629535,131,0.8069738537471922,0.5
2020-08-30,17203665,13874260,132,0.8064711792516304,0.5
2020-08-31,17359812,14041317,132,0.808840383755308,0.5
2020-09-01,17566573,14280317,134,0.8129256059221113,0.5
2020-09-02,17774159,14466288,135,0.8138943732865223,0.5
2020-09-03,17994110,14648489,136,0.8140713266730057,0.5
2020-09-04,18198050,14833939,135,0.8151389297204921,0.5
2020-09-05,18439055,15019916,137,0.8145708117905175,0.5
2020-09-06,18629679,15210795,135,0.8164818620868347,0.5
2020-09-07,18796740,15399381,136,0.8192580734744429,0.5
2020-09-08,18969186,15570299,136,0.8208206192927836,0.5
2020-09-09,19176575,15780919,137,0.8229268782355557,0.5
2020-09-10,19399798,15976532,137,0.8235411523357099,0.5
2020-09-11,19629573,16180497,137,0.8242918478155383,0.5
2020-09-12,19857079,16369856,137,0.8243838884863176,0.5
2020-09-13,20071357,16539332,138,0.8240265967069391,0.5
2020-09-14,20251903,16739268,139,0.8265528429599924,0.5
2020-09-15,20435730,16938343,138,0.8288592088464665,0.5
2020-09-16,20663891,17132256,139,0.829091481367183,0.5
2020-09-17,20891777,17329673,139,0.8294973184904281,0.5
2020-09-18,21225454,17601620,140,0.8292694234007904,0.5
2020-09-19,21453294,17811803,140,0.8302595862434925,0.5
2020-09-20,21658650,18032316,140,0.8325687889134364,0.5
2020-09-21,21830811,18245920,140,0.8357875481584262,0.5
2020-09-22,21956863,18400286,139,0.838019802737759,0.5
2020-09-23,22173421,18631641,139,0.8402691222071687,0.5
2020-09-24,22390775,18837795,139,0.8413194719700412,0.5
2020-09-25,22673678,19079699,140,0.8414911334632167,0.5
2020-09-26,22813907,19273117,138,0.8447968600906456,0.5
2020-09-27,23007552,19461871,137,0.8458905580219921,0.5
2020-09-28,23173673,19647858,137,0.8478525609643323,0.5
2020-09-29,23351049,19861228,137,0.8505497119208649,0.5
2020-09-30,23640439,20103590,138,0.8503898764316518,0.5
2020-10-01,23859563,20296074,138,0.8506473484028186,0.5
2020-10-02,24075412,20444988,137,0.8492061527337518,0.5
2020-10-03,24287667,20665739,138,0.8508737788606868,0.5
2020-10-04,24559970,20905611,139,0.8512066993567174,0.5
2020-10-05,24726618,21111666,139,0.8538032172454801,0.5
2020-10-06,24922651,21324035,140,0.8556086188423535,0.5
2020-10-07,25161385,21523189,140,0.8554055748520998,0.5
2020-10-08,25391934,21713871,140,0.8551483711323447,0.5
2020-10-09,25537294,21841894,139,0.8552939869040157,0.5
2020-10-10,25761561,22006129,139,0.8542234300165273,0.5
2020-10-11,25957179,22207065,138,0.8555269045222518,0.5
2020-10-12,26133215,22365635,138,0.8558317451564991,0.5
2020-10-13,26316487,22528967,138,0.8560780547950796,0.5
2020-10-14,26509253,22692394,137,0.8560178591226241,0.5
2020-10-15,26735813,22866990,137,0.8552943574223832,0.5
2020-10-16,26912697,23010325,135,0.8549988505425524,0.5
2020-10-17,27131526,23170281,134,0.8539984444664115,0.5
2020-10-18,27336601,23348023,134,0.8540938575355437,0.5
2020-10-19,27522128,23501062,134,0.8538969806404505,0.5
2020-10-20,27530587,23576907,133,0.856389549558097,0.5
2020-10-21,27761703,23745312,132,0.8553262024307371,0.5
2020-10-22,27997206,23920845,132,0.8544011498861708,0.5
2020-10-23,28297133,24111192,132,0.8520719042455643,0.5
2020-10-24,28526406,24266187,132,0.8506570017968614,0.5
2020-10-25,28741071,24427546,131,0.8499177361901371,0.5
2020-10-26,28392095,24331938,131,0.8569969211500595,0.5
2020-10-27,28453722,24803301,127,0.8717067313724369,0.5
2020-10-28,28691601,25008181,128,0.87162026963918815,0.5
2020-10-29,28996457,25219119,130,0.8697310502452076,0.5
2020-10-30,29262642,25431834,131,0.8690887856263969,0.5
2020-10-31,29479274,25610065,131,0.8687481584519348,0.5
2020-11-01,29687122,25813160,132,0.8695069869015932,0.5
2020-11-02,29860536,25983860,132,0.8701739312382069,0.5
2020-11-03,30422937,26331668,133,0.8655202487517888,0.5
2020-11-04,30619208,26501865,132,0.865530715229473,0.5
2020-11-05,30942119,26723327,133,0.8636553624527137,0.5
2020-11-06,31198872,26926997,133,0.8630759791571951,0.5
2020-11-07,31438226,27133803,133,0.8630831459764937,0.5
2020-11-08,31494356,27230572,131,0.864617520675768,0.5
2020-11-09,31800988,27457524,132,0.8634173252730387,0.5
2020-11-10,32245275,27786818,133,0.8617330135965657,0.5
2020-11-11,32509625,28092306,133,0.8641227328829539,0.5
2020-11-12,32804335,28339377,133,0.8638912204743672,0.5
2020-11-13,33080313,28555800,133,0.8632264150584065,0.5
2020-11-14,33331804,28737228,133,0.8621563957354363,0.5
2020-11-15,33561945,28917689,133,0.8616213690833472,0.5
2020-11-16,33859110,29239202,135,0.8635549487272406,0.5
2020-11-17,34233061,29582363,136,0.8641460078606468,0.5
2020-11-18,34514053,29826189,136,0.8641752100224219,0.5
2020-11-19,34800153,30082890,136,0.864447061482747,0.5
2020-11-20,35085194,30328942,136,0.864437061399746,0.5
2020-11-21,35359447,30531691,136,0.863466303644398,0.5
2020-11-22,35606718,30761457,136,0.8639228417513796,0.5
2020-11-23,36703174,31443204,137,0.8566889610146523,0.5
2020-11-24,37078929,31761065,138,0.856579892045965,0.5
2020-11-25,37376486,32005681,137,0.8563052449606954,0.5
2020-11-26,37725058,32280321,137,0.8556731973745408,0.5
2020-11-27,38059459,32531407,137,0.8547522181016813,0.5
2020-11-28,38373182,32768612,137,0.8539456540247301,0.5
2020-11-29,38673769,33027368,137,0.8539992055080021,0.5
2020-11-30,38928861,33299343,137,0.8553896041294401,0.5
2020-12-01,39168798,33632159,137,0.8586466962810552,0.5
2020-12-02,41176334,34777236,138,0.8445928187778932,0.5
2020-12-03,42334103,35494638,139,0.8384407719705317,0.5
2020-12-04,42828380,35930945,140,0.8389517651613253,0.5
2020-12-05,43190546,36251044,140,0.8393282178002566,0.5
2020-12-06,43508099,36508266,140,0.8391142531876651,0.5
2020-12-07,43785540,36817363,140,0.8408566618111825,0.5
2020-12-08,44088521,37173103,140,0.8431469724284922,0.5
2020-12-09,43542946,37035565,139,0.850552578596772,0.5
2020-12-10,43886198,37411713,139,0.8524710434018459,0.5
2020-12-11,44228937,37720040,139,0.8528362325325612,0.5
2020-12-12,45551501,39565105,141,0.8685796105818774,0.5
2020-12-13,45887875,39897864,142,0.8694641885247465,0.5
2020-12-14,46150734,40191623,141,0.8708772215843847,0.5
2020-12-15,46472421,40538793,142,0.8723193698042975,0.5
2020-12-16,46826729,40888722,142,0.8731919327527661,0.5
2020-12-17,47215535,41247559,143,0.8736014322404692,0.5
2020-12-18,47786173,41647994,144,0.8715490566695935,0.5
2020-12-19,48130318,41990161,144,0.8724264194556122,0.5
2020-12-20,48433592,42254107,144,0.8724132416195768,0.5
2020-12-21,48698862,42579619,144,0.8743452567741726,0.5
2020-12-22,49000279,42925654,144,0.8760287671015098,0.5
2020-12-23,49371418,43235830,144,0.875725910890386,0.5
2020-12-24,49718187,43536714,144,0.8756697825687006,0.5
2020-12-25,50044444,43816744,144,0.8755566152358492,0.5
2020-12-26,50281776,44217328,144,0.8793907359199087,0.5
2020-12-27,50496856,44495479,144,0.8811534524050368,0.5
2020-12-28,50732009,44781719,144,0.8827113272805734,0.5
2020-12-29,51015702,45120381,144,0.8844410491499264,0.5
2020-01-26,3,2,1,0.6666666666666666,0.6
2020-02-08,1,1,1,1,0.6
2020-02-09,1,1,1,1,0.6
2020-02-10,1,1,1,1,0.6
2020-02-11,1,1,1,1,0.6
2020-02-12,6,6,5,1,0.6
2020-02-13,6,6,5,1,0.6
2020-02-14,6,6,5,1,0.6
2020-02-15,8,8,6,1,0.6
2020-02-16,11,11,7,1,0.6
2020-02-17,26,21,8,0.8076923076923077,0.6
2020-02-18,42,33,9,0.7857142857142857,0.6
2020-02-19,64,48,10,0.75,0.6
2020-02-20,49,38,9,0.7755102040816326,0.6
2020-02-21,65,54,10,0.8307692307692308,0.6
2020-02-22,65,54,10,0.8307692307692308,0.6
2020-02-23,98,75,11,0.7653061224489796,0.6
2020-02-24,100,78,11,0.78,0.6
2020-02-25,79,70,11,0.8860759493670886,0.6
2020-02-26,178,130,10,0.7303370786516854,0.6
2020-02-27,170,120,9,0.7058823529411765,0.6
2020-02-28,187,133,10,0.7112299465240641,0.6
2020-02-29,191,143,10,0.7486910994764397,0.6
2020-03-01,194,142,9,0.7319587628865979,0.6
2020-03-02,205,151,9,0.7365853658536585,0.6
2020-03-03,173,130,7,0.7514450867052023,0.6
2020-03-04,177,130,7,0.7344632768361582,0.6
2020-03-05,181,128,6,0.7071823204419889,0.6
2020-03-06,196,128,6,0.6530612244897959,0.6
2020-03-07,71,49,4,0.6901408450704225,0.6
2020-03-08,50,33,3,0.66,0.6
2020-03-09,53,33,3,0.6226415094339622,0.6
2020-03-10,3,3,3,1,0.6
2020-03-11,2,2,2,1,0.6
2020-03-12,2,2,2,1,0.6
2020-03-13,3,3,3,1,0.6
2020-03-14,3,3,3,1,0.6
2020-03-15,2,2,2,1,0.6
2020-03-16,1,1,1,1,0.6
2020-03-17,1,1,1,1,0.6
2020-03-18,1,1,1,1,0.6
2020-03-19,1,1,1,1,0.6
2020-03-20,1,1,1,1,0.6
2020-03-21,1,1,1,1,0.6
2020-03-22,1,1,1,1,0.6
2020-03-25,13,8,1,0.6153846153846154,0.6
2020-03-26,13,8,1,0.6153846153846154,0.6
2020-03-27,13,9,1,0.6923076923076923,0.6
2020-03-28,1,1,1,1,0.6
2020-03-29,18,14,2,0.7777777777777778,0.6
2020-03-30,18,14,2,0.7777777777777778,0.6
2020-03-31,87,58,3,0.6666666666666666,0.6
2020-04-01,94,62,4,0.6595744680851063,0.6
2020-04-02,94,63,2,0.6702127659574468,0.6
2020-04-03,95,64,2,0.6736842105263158,0.6
2020-04-04,11020,6816,4,0.6185117967332123,0.6
2020-04-05,11080,6963,4,0.6284296028880867,0.6
2020-04-06,11318,7209,5,0.6369499911645167,0.6
2020-04-07,10810,6983,6,0.6459759481961147,0.6
2020-04-08,10850,7083,6,0.6528110599078341,0.6
2020-04-09,10955,7340,8,0.6700136923779096,0.6
2020-04-10,11182,7621,9,0.6815417635485602,0.6
2020-04-11,11216,7775,9,0.6932061340941512,0.6
2020-04-12,83227,51989,11,0.6246650726326793,0.6
2020-04-13,85075,54281,13,0.6380370261533941,0.6
2020-04-14,86980,56740,16,0.6523338698551391,0.6
2020-04-15,91565,60600,18,0.6618249331076285,0.6
2020-04-16,107347,71962,18,0.6703680587254418,0.6
2020-04-17,277645,176824,21,0.6368708242539934,0.6
2020-04-18,288895,186977,24,0.6472143858495301,0.6
2020-04-19,329180,214158,27,0.6505802296615834,0.6
2020-04-20,302403,203112,29,0.6716600033729824,0.6
2020-04-21,314128,215301,31,0.6853925788213722,0.6
2020-04-22,318495,223859,33,0.7028650371277414,0.6
2020-04-23,324031,232492,34,0.7174992516148146,0.6
2020-04-24,331722,245219,36,0.7392304399467023,0.6
2020-04-25,335512,248175,37,0.7396903836524475,0.6
2020-04-26,352379,261875,39,0.7431629013079667,0.6
2020-04-27,355801,267423,39,0.7516083428658155,0.6
2020-04-28,361974,276822,42,0.7647565847270799,0.6
2020-04-29,387390,295977,44,0.7640284984124526,0.6
2020-04-30,397735,306370,48,0.7702867487145963,0.6
2020-05-01,399852,311119,50,0.7780853915948901,0.6
2020-05-02,383122,303053,48,0.7910091302509383,0.6
2020-05-03,427586,332263,52,0.7770670695485821,0.6
2020-05-04,413494,327075,51,0.7910030133448127,0.6
2020-05-05,441986,349091,55,0.7898236595729277,0.6
2020-05-06,447084,361360,55,0.8082597453722343,0.6
2020-05-07,586144,448697,57,0.7655064284544413,0.6
2020-05-08,598621,460656,60,0.7695286333088882,0.6
2020-05-09,828372,603142,61,0.7281052474009262,0.6
2020-05-10,835307,611982,60,0.7326432078265835,0.6
2020-05-11,841657,621152,60,0.7380108524018691,0.6
2020-05-12,858388,639585,63,0.745100117895404,0.6
2020-05-13,876102,657805,66,0.7508315241832572,0.6
2020-05-14,901184,678072,66,0.7524234784461331,0.6
2020-05-15,909830,688360,66,0.7565808997285207,0.6
2020-05-16,919038,697384,68,0.7588195482667746,0.6
2020-05-17,928936,706718,69,0.7607822282697624,0.6
2020-05-18,937730,719605,71,0.7673904002218123,0.6
2020-05-19,944435,725630,71,0.7683218008650675,0.6
2020-05-20,953401,733694,71,0.7695544686863135,0.6
2020-05-21,987126,759108,76,0.7690082117176531,0.6
2020-05-22,1004436,774388,77,0.7709679860140417,0.6
2020-05-23,1310823,962462,79,0.7342425331261353,0.6
2020-05-24,1312168,967574,79,0.73738576157931,0.6
2020-05-25,1322564,979683,80,0.7407452493792361,0.6
2020-05-26,1327519,990069,79,0.7458040148577911,0.6
2020-05-27,1351142,1011392,81,0.7485460447532531,0.6
2020-05-28,1363114,1026822,80,0.7532913608106145,0.6
2020-05-29,1381176,1043563,81,0.7555612029169345,0.6
2020-05-30,1427162,1078534,82,0.75571939275289,0.6
2020-05-31,1465881,1108747,84,0.7563690367772009,0.6
2020-06-01,1482253,1123632,83,0.758056822958024,0.6
2020-06-02,1696097,1278934,87,0.7540453169836395,0.6
2020-06-03,1698905,1287260,85,0.7576998125263037,0.6
2020-06-04,1722637,1306076,84,0.7581841095947667,0.6
2020-06-05,1794253,1355676,88,0.7555656866673763,0.6
2020-06-06,1815975,1375066,87,0.7572053580032765,0.6
2020-06-07,1838516,1394229,88,0.7583447737196739,0.6
2020-06-08,1856417,1414046,89,0.7617070949037851,0.6
2020-06-09,1857016,1425750,89,0.7677639826474301,0.6
2020-06-10,1935517,1480383,91,0.7648514582925389,0.6
2020-06-11,1960466,1502683,91,0.7664927624350537,0.6
2020-06-12,2092750,1591560,95,0.7605112889738382,0.6
2020-06-13,2106832,1607030,94,0.762770833175118,0.6
2020-06-14,2146749,1639569,95,0.7637450861744899,0.6
2020-06-15,2194644,1678284,96,0.7647181046219796,0.6
2020-06-16,2197387,1690402,97,0.7692782381983693,0.6
2020-06-17,2253146,1732694,96,0.7690109739892577,0.6
2020-06-18,2335917,1788541,97,0.7656697562456201,0.6
2020-06-19,2358332,1811154,97,0.7679809288938114,0.6
2020-06-20,2373898,1831851,97,0.7716637361841158,0.6
2020-06-21,2400048,1854394,98,0.7726487136923929,0.6
2020-06-22,2420989,1877232,97,0.7753988142862277,0.6
2020-06-23,2443930,1904062,97,0.779098419349163,0.6
2020-06-24,2470426,1933245,97,0.7825553163705369,0.6
2020-06-25,3117494,2334218,98,0.7487481932603559,0.6
2020-06-26,3146062,2363781,94,0.751345968388417,0.6
2020-06-27,3457989,2564704,97,0.7416750024363872,0.6
2020-06-28,3518289,2612422,94,0.7425262677398019,0.6
2020-06-29,3551099,2643503,94,0.7444182772713461,0.6
2020-06-30,3584659,2681806,95,0.7481342018864277,0.6
2020-07-01,3616220,2720493,94,0.7523029572315844,0.6
2020-07-02,5725410,4096689,97,0.715527621602645,0.6
2020-07-03,5835115,4177185,97,0.7158702099273108,0.6
2020-07-04,5911361,4219363,96,0.7137718369762902,0.6
2020-07-05,6074650,4341492,98,0.7146900644481575,0.6
2020-07-06,6190275,4444948,99,0.7180533982739055,0.6
2020-07-07,6271292,4552936,101,0.7259964932265951,0.6
2020-07-08,6617583,4790562,102,0.723914154155679,0.6
2020-07-09,6752477,4898857,104,0.725490364498835,0.6
2020-07-10,6894376,5023131,105,0.7285838486325666,0.6
2020-07-11,6756704,4958598,104,0.733878234121252,0.6
2020-07-12,6848496,5024397,103,0.7336496947650988,0.6
2020-07-13,6952047,5117377,103,0.7360964331800404,0.6
2020-07-14,7121360,5264600,105,0.7392689036925532,0.6
2020-07-15,7240343,5366413,105,0.7411821511770921,0.6
2020-07-16,7349239,5474564,103,0.7449157661085726,0.6
2020-07-17,7473893,5601971,103,0.7495385604262732,0.6
2020-07-18,7620275,5705778,104,0.7487627415021112,0.6
2020-07-19,7731568,5768828,104,0.7461394635603024,0.6
2020-07-20,7812342,5880111,103,0.7526694299865521,0.6
2020-07-21,8029169,6065381,106,0.7554182755400963,0.6
2020-07-22,8082401,6127041,106,0.7580718897763177,0.6
2020-07-23,8320907,6288858,107,0.7557899637623638,0.6
2020-07-24,8494175,6466250,107,0.761256979047406,0.6
2020-07-25,9040783,6871438,109,0.7600489913318349,0.6
2020-07-26,8843770,6768138,110,0.7653000926075644,0.6
2020-07-27,9414801,7158132,111,0.7603062454533027,0.6
2020-07-28,9538741,7277613,111,0.7629532031533302,0.6
2020-07-29,9690620,7421042,111,0.7657964093112721,0.6
2020-07-30,10109166,7703615,112,0.762042585906691,0.6
2020-07-31,10293891,7857349,113,0.7633021371607684,0.6
2020-08-01,10480962,8013985,114,0.764623037465454,0.6
2020-08-02,10648612,8130361,114,0.76351368610294,0.6
2020-08-03,10865426,8326952,115,0.7663714243693712,0.6
2020-08-04,10926859,8469405,116,0.7750996878425904,0.6
2020-08-05,11094617,8618664,116,0.7768329452021643,0.6
2020-08-06,11279331,8768326,117,0.7773799704964771,0.6
2020-08-07,11459023,8916094,117,0.7780850077707323,0.6
2020-08-08,11634803,9075963,117,0.7800701911325872,0.6
2020-08-09,11799053,9223223,115,0.7816918018759641,0.6
2020-08-10,11950171,9367832,116,0.7839077783907862,0.6
2020-08-11,12338335,9719023,116,0.7877094437782731,0.6
2020-08-12,12534983,9908343,117,0.7904552403461577,0.6
2020-08-13,12731264,10033656,117,0.788111533937243,0.6
2020-08-14,13462473,10594916,120,0.7869962673277042,0.6
2020-08-15,13745382,10786738,123,0.7847535994270658,0.6
2020-08-16,14079788,11071005,122,0.7863048079985295,0.6
2020-08-17,14248955,11252409,123,0.7897006482229749,0.6
2020-08-18,14407859,11443613,124,0.7942618677764683,0.6
2020-08-19,14608752,11625289,124,0.7957756418891908,0.6
2020-08-20,14811201,11802172,124,0.7968409854136744,0.6
2020-08-21,14969209,11917677,122,0.7961460755875611,0.6
2020-08-22,15442060,12275597,123,0.7949455577817985,0.6
2020-08-23,15627652,12467915,122,0.797811149109284,0.6
2020-08-24,15780688,12636851,122,0.8007794717188503,0.6
2020-08-25,15938416,12827107,121,0.8047918312585141,0.6
2020-08-26,16144679,13016602,123,0.8062471852181142,0.6
2020-08-27,16345687,13199219,123,0.8075046952752736,0.6
2020-08-28,16547893,13371419,122,0.808043598058073,0.6
2020-08-29,16749529,13552124,122,0.8091047813941514,0.6
2020-08-30,16945832,13737287,122,0.8106587507771823,0.6
2020-08-31,17103215,13903223,122,0.8129011416859345,0.6
2020-09-01,17306871,14138351,123,0.8169212678594531,0.6
2020-09-02,17504769,14316511,123,0.8178634633796081,0.6
2020-09-03,17706003,14486187,122,0.8181511660197957,0.6
2020-09-04,17953228,14694558,122,0.8184911370813093,0.6
2020-09-05,18176439,14869479,123,0.8180633731392601,0.6
2020-09-06,18444963,15104961,125,0.8189206451647532,0.6
2020-09-07,18731712,15364838,129,0.820258073581315,0.6
2020-09-08,18914741,15541703,130,0.8216714677721466,0.6
2020-09-09,19111877,15747173,130,0.8239469624045822,0.6
2020-09-10,19316301,15931831,128,0.8247868471297894,0.6
2020-09-11,19544653,16135000,129,0.8255454829512706,0.6
2020-09-12,19744616,16307285,129,0.8259104659214441,0.6
2020-09-13,19951021,16472848,128,0.8256644108589731,0.6
2020-09-14,20121553,16666686,128,0.8283001814024991,0.6
2020-09-15,20317270,16872350,128,0.8304437554848658,0.6
2020-09-16,20543459,17066377,129,0.8307450561271108,0.6
2020-09-17,20762090,17259850,128,0.8313156334453805,0.6
2020-09-18,21096552,17532754,131,0.8310720159389079,0.6
2020-09-19,21301815,17730359,129,0.8323402958855853,0.6
2020-09-20,21504196,17949359,129,0.8346910063505746,0.6
2020-09-21,21675752,18162948,129,0.8379385407251384,0.6
2020-09-22,21866622,18350556,130,0.8392039703251832,0.6
2020-09-23,22084128,18582087,131,0.8414227177092978,0.6
2020-09-24,22290565,18781748,129,0.8425873458120061,0.6
2020-09-25,22509655,18991700,129,0.8437135087143717,0.6
2020-09-26,22736729,19229760,130,0.8457575405855433,0.6
2020-09-27,22912680,19407028,129,0.8469994780182851,0.6
2020-09-28,23077165,19591790,129,0.8489686666451447,0.6
2020-09-29,23321784,19844977,132,0.8509201954704666,0.6
2020-09-30,23536070,20049091,132,0.8518453165715432,0.6
2020-10-01,23756510,20240895,133,0.8520146688213042,0.6
2020-10-02,23967039,20383848,132,0.8504950486374224,0.6
2020-10-03,24169108,20596722,131,0.8521920626942459,0.6
2020-10-04,24360242,20794162,132,0.853610649680738,0.6
2020-10-05,24607081,21045569,134,0.8552647508251792,0.6
2020-10-06,24769901,21239101,134,0.8574560310111857,0.6
2020-10-07,24999728,21434466,133,0.857387968381096,0.6
2020-10-08,25223532,21624426,133,0.8573115771415359,0.6
2020-10-09,25468057,21803286,133,0.8561032355157678,0.6
2020-10-10,25668532,21953844,132,0.8552824135014812,0.6
2020-10-11,25856441,22150620,131,0.8566770654940484,0.6
2020-10-12,26030145,22308847,131,0.8570389062373645,0.6
2020-10-13,26233986,22484943,132,0.8570921323202658,0.6
2020-10-14,26205233,22516572,130,0.8592395267006403,0.6
2020-10-15,26419225,22688561,130,0.8587898017447522,0.6
2020-10-16,26612968,22840095,129,0.8582317838431249,0.6
2020-10-17,26814693,22992011,129,0.8574407695064792,0.6
2020-10-18,27005757,23164482,127,0.8577608840959355,0.6
2020-10-19,26757067,23062020,127,0.861903885055862,0.6
2020-10-20,26928028,23223797,125,0.8624395741121481,0.6
2020-10-21,27056580,23338515,125,0.8625818562434721,0.6
2020-10-22,27265535,23509211,125,0.8622317882264184,0.6
2020-10-23,27478267,23667279,124,0.8613090119547933,0.6
2020-10-24,27686995,23818959,124,0.8602941200372233,0.6
2020-10-25,27877263,23976560,124,0.8600758259517801,0.6
2020-10-26,28033109,24139308,124,0.861099922951821,0.6
2020-10-27,28215305,24671181,124,0.8743900163404223,0.6
2020-10-28,28448311,24873401,125,0.8743366521829714,0.6
2020-10-29,28623289,25014689,124,0.8739278354769083,0.6
2020-10-30,28825191,25193462,124,0.8740085017996931,0.6
2020-10-31,28991718,25340526,123,0.8740608611052301,0.6
2020-11-01,29179449,25532717,123,0.875023959499715,0.6
2020-11-02,29264714,25650388,120,0.876495427223379,0.6
2020-11-03,29451350,25806883,120,0.8762546708385185,0.6
2020-11-04,29660755,25979718,121,0.875895370835975,0.6
2020-11-05,29887790,26141671,121,0.8746605553639129,0.6
2020-11-06,30116685,26338154,121,0.874536955179496,0.6
2020-11-07,30363002,26527266,121,0.8736707259710355,0.6
2020-11-08,30691628,26767685,123,0.8721494017847473,0.6
2020-11-09,30887962,26936596,126,0.8720742404435747,0.6
2020-11-10,31670627,27473986,128,0.8674910667224871,0.6
2020-11-11,31851396,27725065,126,0.8704505447736105,0.6
2020-11-12,31969868,27860255,126,0.8714535512001489,0.6
2020-11-13,32271365,28095540,127,0.8706027774158298,0.6
2020-11-14,32674207,28367536,127,0.8681935570769935,0.6
2020-11-15,32891185,28543167,127,0.8678059790183905,0.6
2020-11-16,33353599,28967333,130,0.8684919729352146,0.6
2020-11-17,33836644,29357057,131,0.8676113683141863,0.6
2020-11-18,34074411,29575929,130,0.8679806380218869,0.6
2020-11-19,34350030,29824566,130,0.8682544382057308,0.6
2020-11-20,34616182,30057829,129,0.8683172800512777,0.6
2020-11-21,35069039,30366288,130,0.8659002033103901,0.6
2020-11-22,35287139,30577729,128,0.8665403279081367,0.6
2020-11-23,35501693,30816257,127,0.8680221813647028,0.6
2020-11-24,35799006,31096707,128,0.8686472188641216,0.6
2020-11-25,36075606,31322523,128,0.868246620722047,0.6
2020-11-26,36401294,31566884,128,0.8671912597392829,0.6
2020-11-27,36712334,31789862,128,0.8659177594102299,0.6
2020-11-28,37005752,32000004,128,0.8647305424302687,0.6
2020-11-29,37523799,32374073,130,0.8627610706474577,0.6
2020-11-30,37860720,32680101,131,0.8631663898626334,0.6
2020-12-01,38136969,33016508,132,0.8657349775227287,0.6
2020-12-02,39452017,33909247,132,0.8595060424920733,0.6
2020-12-03,39109740,33797450,133,0.864169641628914,0.6
2020-12-04,39532273,34189284,134,0.8648448825596241,0.6
2020-12-05,39828773,34465653,134,0.8653455882258788,0.6
2020-12-06,40072241,34686189,133,0.8655914452101643,0.6
2020-12-07,40292165,34964689,134,0.8677788597361299,0.6
2020-12-08,40548827,35285022,135,0.8701860105595657,0.6
2020-12-09,40848091,35534054,135,0.869907335449287,0.6
2020-12-10,41143057,35854939,134,0.8714699785190974,0.6
2020-12-11,41469816,36132704,135,0.8713012857351478,0.6
2020-12-12,42740710,37925651,134,0.8873425593538339,0.6
2020-12-13,43069348,38244689,136,0.8879792886579105,0.6
2020-12-14,45169988,39628012,137,0.8773084464844224,0.6
2020-12-15,45476375,39955442,137,0.8785977774173953,0.6
2020-12-16,45817594,40291718,137,0.8793940161938665,0.6
2020-12-17,47136153,41204955,138,0.874168814752447,0.6
2020-12-18,47513570,41506716,137,0.8735760331206432,0.6
2020-12-19,47856034,41846849,137,0.8744320308699213,0.6
2020-12-20,48160807,42109996,138,0.8743623419765371,0.6
2020-12-21,48424222,42431840,138,0.8762523846020696,0.6
2020-12-22,48723391,42774599,138,0.8779068558672364,0.6
2020-12-23,49089514,43081174,137,0.8776044105875646,0.6
2020-12-24,49435503,43380641,138,0.8775199677850957,0.6
2020-12-25,49766070,43661977,140,0.8773442829622673,0.6
2020-12-26,50002558,44061208,140,0.8811790788783246,0.6
2020-12-27,50216605,44337709,140,0.8829292422297366,0.6
2020-12-28,50451103,44621854,140,0.8844574518023917,0.6
2020-12-29,50732679,44956988,140,0.8861544252374293,0.6
2020-02-08,1,1,1,1,0.7
2020-02-09,1,1,1,1,0.7
2020-02-10,1,1,1,1,0.7
2020-02-11,1,1,1,1,0.7
2020-02-12,6,6,5,1,0.7
2020-02-13,6,6,5,1,0.7
2020-02-14,6,6,5,1,0.7
2020-02-15,8,8,6,1,0.7
2020-02-16,11,11,7,1,0.7
2020-02-17,11,11,7,1,0.7
2020-02-18,27,23,8,0.8518518518518519,0.7
2020-02-19,27,23,8,0.8518518518518519,0.7
2020-02-20,27,23,8,0.8518518518518519,0.7
2020-02-21,43,39,9,0.9069767441860465,0.7
2020-02-22,43,39,9,0.9069767441860465,0.7
2020-02-23,43,39,9,0.9069767441860465,0.7
2020-02-24,65,57,10,0.8769230769230769,0.7
2020-02-25,79,70,11,0.8860759493670886,0.7
2020-02-26,67,57,8,0.8507462686567164,0.7
2020-02-27,48,42,7,0.875,0.7
2020-02-28,89,71,9,0.797752808988764,0.7
2020-02-29,191,143,10,0.7486910994764397,0.7
2020-03-01,88,70,8,0.7954545454545454,0.7
2020-03-02,168,128,6,0.7619047619047619,0.7
2020-03-03,170,128,6,0.7529411764705882,0.7
2020-03-04,129,97,5,0.751937984496124,0.7
2020-03-05,19,19,4,1,0.7
2020-03-06,20,19,4,0.95,0.7
2020-03-07,23,18,3,0.782608695652174,0.7
2020-03-08,2,2,2,1,0.7
2020-03-09,2,2,2,1,0.7
2020-03-10,3,3,3,1,0.7
2020-03-11,2,2,2,1,0.7
2020-03-12,2,2,2,1,0.7
2020-03-13,3,3,3,1,0.7
2020-03-14,3,3,3,1,0.7
2020-03-15,2,2,2,1,0.7
2020-03-16,1,1,1,1,0.7
2020-03-17,1,1,1,1,0.7
2020-03-18,1,1,1,1,0.7
2020-03-19,1,1,1,1,0.7
2020-03-20,1,1,1,1,0.7
2020-03-21,1,1,1,1,0.7
2020-03-22,1,1,1,1,0.7
2020-03-28,1,1,1,1,0.7
2020-03-29,18,14,2,0.7777777777777778,0.7
2020-03-30,18,14,2,0.7777777777777778,0.7
2020-03-31,19,14,2,0.7368421052631579,0.7
2020-04-01,19,14,2,0.7368421052631579,0.7
2020-04-04,77,55,1,0.7142857142857143,0.7
2020-04-05,78,56,1,0.717948717948718,0.7
2020-04-06,78,58,1,0.7435897435897436,0.7
2020-04-07,89,71,2,0.797752808988764,0.7
2020-04-08,274,203,3,0.7408759124087592,0.7
2020-04-09,274,213,3,0.7773722627737226,0.7
2020-04-10,411,325,4,0.7907542579075426,0.7
2020-04-11,564,444,6,0.7872340425531915,0.7
2020-04-12,431,365,5,0.8468677494199536,0.7
2020-04-13,10994,7813,6,0.7106603601964708,0.7
2020-04-14,11302,8113,10,0.7178375508759511,0.7
2020-04-15,11325,8215,10,0.7253863134657836,0.7
2020-04-16,12414,9115,10,0.7342516513613662,0.7
2020-04-17,12728,9452,12,0.7426147077309868,0.7
2020-04-18,14502,10920,13,0.7529995862639636,0.7
2020-04-19,29252,21596,15,0.7382743060303569,0.7
2020-04-20,115652,83220,17,0.7195725106353543,0.7
2020-04-21,124034,90511,21,0.7297273328280955,0.7
2020-04-22,155607,115029,24,0.7392276697063757,0.7
2020-04-23,155327,117204,22,0.7545629542835437,0.7
2020-04-24,314749,234023,26,0.7435226164340475,0.7
2020-04-25,317069,235866,27,0.7438948620016463,0.7
2020-04-26,319451,240655,28,0.753339322775637,0.7
2020-04-27,321786,245150,27,0.7618417208952534,0.7
2020-04-28,341735,263112,31,0.7699299164557333,0.7
2020-04-29,338543,263290,33,0.7777150908451806,0.7
2020-04-30,340036,269068,32,0.7912926866567069,0.7
2020-05-01,344551,275157,35,0.7985958537342802,0.7
2020-05-02,354751,284953,38,0.8032479119156817,0.7
2020-05-03,356913,288404,38,0.8080512617920894,0.7
2020-05-04,359962,293223,39,0.8145943182891527,0.7
2020-05-05,363363,298121,41,0.8204495229288618,0.7
2020-05-06,389963,323017,44,0.8283273028466803,0.7
2020-05-07,397475,329841,46,0.8298408704949997,0.7
2020-05-08,397414,329556,44,0.8292511084159089,0.7
2020-05-09,401336,334126,46,0.8325343353200311,0.7
2020-05-10,420492,348703,46,0.8292738030687861,0.7
2020-05-11,424477,352940,46,0.8314702563389771,0.7
2020-05-12,473170,388815,51,0.8217236933871547,0.7
2020-05-13,631770,504929,54,0.7992291498488374,0.7
2020-05-14,623205,501165,52,0.8041735865405445,0.7
2020-05-15,637833,514311,54,0.8063411582655649,0.7
2020-05-16,643550,520093,54,0.8081625359334939,0.7
2020-05-17,650069,526877,54,0.8104939629485486,0.7
2020-05-18,674187,546474,56,0.810567394506272,0.7
2020-05-19,682615,553792,58,0.8112801505973353,0.7
2020-05-20,688911,560594,57,0.8137393654623021,0.7
2020-05-21,694972,569560,58,0.8195438089592099,0.7
2020-05-22,710722,584168,59,0.8219360031066999,0.7
2020-05-23,721647,593947,61,0.8230436764789433,0.7
2020-05-24,730103,601358,62,0.8236618668872748,0.7
2020-05-25,735311,608011,61,0.8268759749276157,0.7
2020-05-26,744974,617540,65,0.828941681186189,0.7
2020-05-27,762398,632102,66,0.8290971382401318,0.7
2020-05-28,769879,639007,64,0.8300096508672142,0.7
2020-05-29,860183,705149,66,0.8197662590402275,0.7
2020-05-30,888378,727792,67,0.8192368563832062,0.7
2020-05-31,895744,736578,65,0.8223086060302943,0.7
2020-06-01,906014,746315,66,0.8237345118287356,0.7
2020-06-02,1012179,833457,68,0.8234284647280767,0.7
2020-06-03,1048546,863230,69,0.8232638339185883,0.7
2020-06-04,1045492,862511,68,0.8249809658993087,0.7
2020-06-05,1082121,890618,70,0.8230299569087006,0.7
2020-06-06,1333831,1069586,70,0.8018901944849085,0.7
2020-06-07,1353505,1085981,71,0.8023472392048792,0.7
2020-06-08,1369662,1102907,71,0.8052402709573603,0.7
2020-06-09,1384492,1122010,72,0.8104127723381572,0.7
2020-06-10,1402275,1137846,71,0.8114285714285714,0.7
2020-06-11,1455649,1178203,72,0.8094004804729712,0.7
2020-06-12,1497261,1212530,75,0.8098320867236908,0.7
2020-06-13,1517991,1231592,75,0.8113302384533242,0.7
2020-06-14,1517112,1236293,74,0.8148989659300039,0.7
2020-06-15,1572663,1281841,80,0.815076720187351,0.7
2020-06-16,1591923,1304461,82,0.8194246832290255,0.7
2020-06-17,1636777,1339386,80,0.8183069532379793,0.7
2020-06-18,1652845,1355224,80,0.8199341136041189,0.7
2020-06-19,1727913,1413292,82,0.8179184947390291,0.7
2020-06-20,1754531,1438348,82,0.8197905879120974,0.7
2020-06-21,1762781,1448164,82,0.8215223558683693,0.7
2020-06-22,1781461,1467862,82,0.8239652734469067,0.7
2020-06-23,1799329,1488212,82,0.8270927662478624,0.7
2020-06-24,1832614,1519945,83,0.8293863301273482,0.7
2020-06-25,1855233,1540058,83,0.8301156781924427,0.7
2020-06-26,1924075,1592941,81,0.827899640086795,0.7
2020-06-27,1943848,1613712,81,0.8301636753491014,0.7
2020-06-28,1938504,1616314,79,0.8337945137074775,0.7
2020-06-29,1955336,1635600,79,0.836480277558435,0.7
2020-06-30,1972153,1656068,79,0.8397259239014417,0.7
2020-07-01,1989986,1678467,79,0.8434566876349884,0.7
2020-07-02,2178661,1820177,81,0.8354567323691019,0.7
2020-07-03,2190344,1835861,80,0.8381610377182762,0.7
2020-07-04,2213735,1859579,80,0.8400187917704693,0.7
2020-07-05,2027538,1731704,78,0.8540920071535034,0.7
2020-07-06,2255588,1901081,79,0.8428316696134223,0.7
2020-07-07,2293981,1940847,81,0.8460606256111102,0.7
2020-07-08,2315188,1964444,81,0.8485030157378148,0.7
2020-07-09,2336165,1987992,81,0.8509638659940544,0.7
2020-07-10,2358332,2009113,81,0.8519211883653361,0.7
2020-07-11,2421401,2058458,82,0.8501103286898783,0.7
2020-07-12,2443039,2078622,84,0.8508345548310936,0.7
2020-07-13,2459953,2098236,83,0.8529577597620768,0.7
2020-07-14,4363275,3447006,84,0.7900042972308644,0.7
2020-07-15,4427288,3499591,85,0.7904593060130717,0.7
2020-07-16,4487086,3568756,83,0.7953393360412526,0.7
2020-07-17,5690179,4450454,86,0.7821289980508522,0.7
2020-07-18,5730973,4481575,85,0.7819919933316734,0.7
2020-07-19,5787216,4512558,84,0.779745908913716,0.7
2020-07-20,5829368,4593677,83,0.7880231613444202,0.7
2020-07-21,5904509,4685406,84,0.7935301648282693,0.7
2020-07-22,5992850,4765795,86,0.7952468358126767,0.7
2020-07-23,6197507,4906476,88,0.7916854309321474,0.7
2020-07-24,6290921,5030213,86,0.7995988186785369,0.7
2020-07-25,6433974,5190967,87,0.8068057160318024,0.7
2020-07-26,6954944,5554130,90,0.7985873071012506,0.7
2020-07-27,7013149,5624226,90,0.8019544430041341,0.7
2020-07-28,7187884,5764749,92,0.802009186570067,0.7
2020-07-29,7292402,5877393,92,0.8059611908394518,0.7
2020-07-30,7437313,5979458,92,0.8039809538740672,0.7
2020-07-31,7037280,5719386,88,0.8127267921697019,0.7
2020-08-01,7570182,6100041,92,0.8057984603276381,0.7
2020-08-02,7273164,5891011,94,0.8099653740792866,0.7
2020-08-03,7443439,6042314,97,0.8117637559735493,0.7
2020-08-04,7591605,6214787,99,0.8186394049743104,0.7
2020-08-05,8187405,6654544,99,0.8127781635328899,0.7
2020-08-06,8325495,6765918,100,0.8126745616927282,0.7
2020-08-07,8473164,6886218,102,0.812709160356155,0.7
2020-08-08,8488952,6925919,97,0.8158744448077925,0.7
2020-08-09,8635025,7047730,98,0.8161794551839746,0.7
2020-08-10,8709767,7134561,97,0.8191448749432677,0.7
2020-08-11,11355120,9057710,98,0.7976762905191667,0.7
2020-08-12,11521870,9217602,97,0.8000091998955031,0.7
2020-08-13,11612926,9277953,95,0.7989332748697443,0.7
2020-08-14,11804157,9505206,96,0.8052422549107064,0.7
2020-08-15,11948352,9601319,95,0.8035684753847225,0.7
2020-08-16,12159229,9793048,96,0.8054004082002238,0.7
2020-08-17,12266288,9928074,96,0.8093788438686585,0.7
2020-08-18,12459177,10137585,99,0.8136640967537423,0.7
2020-08-19,12671747,10325064,96,0.8148098285106229,0.7
2020-08-20,12867369,10494893,100,0.815620738007902,0.7
2020-08-21,13159474,10704766,101,0.8134645807271628,0.7
2020-08-22,13312482,10870835,102,0.8165896487221541,0.7
2020-08-23,14001875,11379853,103,0.8127377940454403,0.7
2020-08-24,14343886,11684291,105,0.8145833702247773,0.7
2020-08-25,14487199,11851927,104,0.8180965140328369,0.7
2020-08-26,14775314,12103236,105,0.8191525405145366,0.7
2020-08-27,14956589,12268661,104,0.8202846919173884,0.7
2020-08-28,15145149,12428947,104,0.8206553134604354,0.7
2020-08-29,15424401,12661709,105,0.8208882147190028,0.7
2020-08-30,15820698,12969090,106,0.8197546024834049,0.7
2020-08-31,16666599,13614310,111,0.8168619164593808,0.7
2020-09-01,16821626,13814304,112,0.821222871082736,0.7
2020-09-02,17020767,13991642,112,0.8220335781577881,0.7
2020-09-03,17107789,14078606,113,0.8229354477074741,0.7
2020-09-04,17262117,14225834,112,0.8241071474605345,0.7
2020-09-05,17517108,14423484,113,0.823394135607316,0.7
2020-09-06,17905365,14744343,113,0.8234595050142792,0.7
2020-09-07,18065621,14923702,114,0.8260829782712701,0.7
2020-09-08,18273766,15114063,115,0.8270907595073724,0.7
2020-09-09,18464930,15312718,115,0.8292865448176625,0.7
2020-09-10,18956891,15694823,114,0.8279217831658156,0.7
2020-09-11,19220091,15921415,115,0.828373549323986,0.7
2020-09-12,19441539,16106022,115,0.8284334897561351,0.7
2020-09-13,19647262,16269519,115,0.8280807269735599,0.7
2020-09-14,19847005,16482563,115,0.8304811229704432,0.7
2020-09-15,20037920,16684729,116,0.8326577309421337,0.7
2020-09-16,20275592,16887380,117,0.8328920802904299,0.7
2020-09-17,20471016,17064544,115,0.8335953623405893,0.7
2020-09-18,20798649,17333294,117,0.8333855723032779,0.7
2020-09-19,21017164,17538615,117,0.8344900862932791,0.7
2020-09-20,21243311,17773993,118,0.8366865692452556,0.7
2020-09-21,21410809,17984553,119,0.8399754068143805,0.7
2020-09-22,21550521,18136989,118,0.8416032726076553,0.7
2020-09-23,21761476,18364630,118,0.8439055328783764,0.7
2020-09-24,21977864,18570916,119,0.8449827517360194,0.7
2020-09-25,22326618,18872104,119,0.8452737445501151,0.7
2020-09-26,22541240,19103224,119,0.8474788432224669,0.7
2020-09-27,22739867,19294715,119,0.8484972669365216,0.7
2020-09-28,22903518,19479281,120,0.8504929679361921,0.7
2020-09-29,23077612,19689544,120,0.8531881028245036,0.7
2020-09-30,23288915,19891918,120,0.8541367427379077,0.7
2020-10-01,23480466,20064479,118,0.8545179214075224,0.7
2020-10-02,23719037,20226974,120,0.8527738288868979,0.7
2020-10-03,23904783,20428070,119,0.8545599430875402,0.7
2020-10-04,24090480,20621734,119,0.8560117523602685,0.7
2020-10-05,24246031,20815899,118,0.858528103011994,0.7
2020-10-06,24423800,21017237,118,0.8605228097183895,0.7
2020-10-07,24690581,21238730,119,0.8601956349265333,0.7
2020-10-08,24463833,21115613,118,0.8631359198699566,0.7
2020-10-09,24692638,21289195,118,0.8621677035884137,0.7
2020-10-10,24902316,21450647,118,0.8613916472668647,0.7
2020-10-11,25064223,21634272,116,0.8631535076910224,0.7
2020-10-12,25096317,21700314,113,0.8646812199574941,0.7
2020-10-13,25280532,21870254,114,0.8651026014800638,0.7
2020-10-14,25445304,22019549,113,0.8653678887074802,0.7
2020-10-15,25593957,22147489,114,0.8653405567572064,0.7
2020-10-16,25766466,22288889,113,0.8650347703872157,0.7
2020-10-17,25961355,22442280,112,0.8644494865541494,0.7
2020-10-18,26136842,22609993,112,0.8650621601492636,0.7
2020-10-19,26242400,22721098,111,0.8658163125323903,0.7
2020-10-20,26441218,22901362,113,0.8661235651095952,0.7
2020-10-21,26644684,23063837,114,0.8656074510022337,0.7
2020-10-22,26690933,23122188,109,0.8662937335311583,0.7
2020-10-23,26842573,23241171,108,0.865832459503789,0.7
2020-10-24,27013757,23368920,107,0.8650747839332381,0.7
2020-10-25,27371634,23647311,109,0.8639349408223126,0.7
2020-10-26,27432655,23744946,107,0.8655722896671868,0.7
2020-10-27,27572930,24250447,107,0.8795019970674136,0.7
2020-10-28,27760440,24423501,107,0.8797951689526535,0.7
2020-10-29,27468509,24247896,107,0.8827525367321539,0.7
2020-10-30,27648907,24417170,107,0.8831151987310023,0.7
2020-10-31,27823201,24575178,107,0.8832620660721244,0.7
2020-11-01,27969825,24740615,106,0.8845466498270904,0.7
2020-11-02,28197308,24950530,107,0.8848550365162519,0.7
2020-11-03,28355668,25098569,107,0.8851341114587743,0.7
2020-11-04,28314674,25101593,108,0.8865224088400241,0.7
2020-11-05,28558744,25283047,108,0.885299682647108,0.7
2020-11-06,28643755,25387900,106,0.8863328149539053,0.7
2020-11-07,28831512,25538766,108,0.8857935026092284,0.7
2020-11-08,29097251,25749885,108,0.8849593729661953,0.7
2020-11-09,29244986,25876117,110,0.8848052449059131,0.7
2020-11-10,29399485,26022764,108,0.8851435322761606,0.7
2020-11-11,29590775,26273533,111,0.8878960757195443,0.7
2020-11-12,29803432,26455033,110,0.8876505564862462,0.7
2020-11-13,30023692,26629139,113,0.8869375225405324,0.7
2020-11-14,30656682,27077858,113,0.8832612087635576,0.7
2020-11-15,30838947,27229367,111,0.8829538505319264,0.7
2020-11-16,30992352,27447342,113,0.8856166192227037,0.7
2020-11-17,31154777,27622758,111,0.886629938002766,0.7
2020-11-18,31353706,27809491,110,0.8869602528007375,0.7
2020-11-19,31687650,28085012,111,0.8863078202391153,0.7
2020-11-20,31902858,28278293,111,0.886387451556848,0.7
2020-11-21,32117511,28433852,111,0.8853068346423233,0.7
2020-11-22,32736218,28917398,112,0.883345718188949,0.7
2020-11-23,33201817,29289478,115,0.8821649128419689,0.7
2020-11-24,33400618,29494561,115,0.8830543494734139,0.7
2020-11-25,33651231,29700310,116,0.8825920811039573,0.7
2020-11-26,33333035,29487333,116,0.8846279074197714,0.7
2020-11-27,33659626,29717048,117,0.8828692273645583,0.7
2020-11-28,33854117,29858759,116,0.8819830982447423,0.7
2020-11-29,33515651,29658254,115,0.88490759138171,0.7
2020-11-30,35298342,30980113,118,0.877664820630952,0.7
2020-12-01,35505020,31284897,118,0.8811401035684532,0.7
2020-12-02,35759403,31534938,118,0.8818642190419118,0.7
2020-12-03,36028204,31774647,118,0.8819381338020624,0.7
2020-12-04,36608614,32256357,121,0.881113854788384,0.7
2020-12-05,37892939,33210545,121,0.8764309625072892,0.7
2020-12-06,38131725,33409537,121,0.8761611755041242,0.7
2020-12-07,38603657,33845594,123,0.8767457963891867,0.7
2020-12-08,38827273,34131391,123,0.8790571256446468,0.7
2020-12-09,40233254,35140874,124,0.8734285822369724,0.7
2020-12-10,40534556,35461050,124,0.8748350419824508,0.7
2020-12-11,40836190,35720126,124,0.8747174014030202,0.7
2020-12-12,42106659,37510159,125,0.8908367438983938,0.7
2020-12-13,42382623,37792389,125,0.8916953771360494,0.7
2020-12-14,42616609,38050162,124,0.8928481850820181,0.7
2020-12-15,43046929,38446701,125,0.8931345834217349,0.7
2020-12-16,43134656,38581683,125,0.8944474484739139,0.7
2020-12-17,43448590,38865622,125,0.8945197531151183,0.7
2020-12-18,43785966,39124771,125,0.8935459137752036,0.7
2020-12-19,44198233,39490049,125,0.8934757414397086,0.7
2020-12-20,44469484,39724380,125,0.8932952763742436,0.7
2020-12-21,44986891,40210583,127,0.8938288933991905,0.7
2020-12-22,45096498,40401320,126,0.8958859732301164,0.7
2020-12-23,45462929,40687220,127,0.894953776515367,0.7
2020-12-24,45627213,40841026,125,0.8951023591995417,0.7
2020-12-25,46072515,41173060,127,0.893657748008764,0.7
2020-12-26,46282905,41549780,127,0.8977349196209702,0.7
2020-12-27,46663432,41936871,128,0.8987095291233616,0.7
2020-12-28,46877569,42195250,127,0.9001160021757955,0.7
2020-12-29,47136173,42493902,128,0.9015136209721566,0.7
2020-02-08,1,1,1,1,0.8
2020-02-09,1,1,1,1,0.8
2020-02-10,1,1,1,1,0.8
2020-02-11,1,1,1,1,0.8
2020-02-12,6,6,5,1,0.8
2020-02-13,6,6,5,1,0.8
2020-02-14,6,6,5,1,0.8
2020-02-15,8,8,6,1,0.8
2020-02-16,11,11,7,1,0.8
2020-02-17,11,11,7,1,0.8
2020-02-18,11,11,7,1,0.8
2020-02-19,11,11,7,1,0.8
2020-02-20,11,11,7,1,0.8
2020-02-21,43,39,9,0.9069767441860465,0.8
2020-02-22,43,39,9,0.9069767441860465,0.8
2020-02-23,43,39,9,0.9069767441860465,0.8
2020-02-24,65,57,10,0.8769230769230769,0.8
2020-02-25,61,56,10,0.9180327868852459,0.8
2020-02-26,46,42,7,0.9130434782608695,0.8
2020-02-27,24,24,6,1,0.8
2020-02-28,25,25,7,1,0.8
2020-02-29,25,25,7,1,0.8
2020-03-01,24,24,6,1,0.8
2020-03-02,19,19,4,1,0.8
2020-03-03,19,19,4,1,0.8
2020-03-04,19,19,4,1,0.8
2020-03-05,19,19,4,1,0.8
2020-03-06,20,19,4,0.95,0.8
2020-03-07,2,2,2,1,0.8
2020-03-08,2,2,2,1,0.8
2020-03-09,2,2,2,1,0.8
2020-03-10,3,3,3,1,0.8
2020-03-11,2,2,2,1,0.8
2020-03-12,2,2,2,1,0.8
2020-03-13,3,3,3,1,0.8
2020-03-14,3,3,3,1,0.8
2020-03-15,2,2,2,1,0.8
2020-03-16,1,1,1,1,0.8
2020-03-17,1,1,1,1,0.8
2020-03-18,1,1,1,1,0.8
2020-03-19,1,1,1,1,0.8
2020-03-20,1,1,1,1,0.8
2020-03-21,1,1,1,1,0.8
2020-03-22,1,1,1,1,0.8
2020-03-28,1,1,1,1,0.8
2020-03-29,1,1,1,1,0.8
2020-03-30,1,1,1,1,0.8
2020-03-31,1,1,1,1,0.8
2020-04-01,1,1,1,1,0.8
2020-04-07,11,10,1,0.9090909090909091,0.8
2020-04-08,11,11,1,1,0.8
2020-04-09,90,77,2,0.8555555555555555,0.8
2020-04-10,91,81,2,0.8901098901098901,0.8
2020-04-11,91,83,2,0.9120879120879121,0.8
2020-04-12,275,245,3,0.8909090909090909,0.8
2020-04-13,275,245,3,0.8909090909090909,0.8
2020-04-14,296,267,4,0.902027027027027,0.8
2020-04-15,405,358,4,0.8839506172839506,0.8
2020-04-16,398,355,4,0.8919597989949749,0.8
2020-04-17,534,469,5,0.8782771535580525,0.8
2020-04-18,669,588,6,0.8789237668161435,0.8
2020-04-19,1801,1538,9,0.8539700166574126,0.8
2020-04-20,1818,1616,10,0.8888888888888888,0.8
2020-04-21,2091,1871,11,0.8947871831659493,0.8
2020-04-22,6713,5729,13,0.8534187397586772,0.8
2020-04-23,7067,6183,14,0.8749115607754351,0.8
2020-04-24,21537,18027,16,0.837024655244463,0.8
2020-04-25,28300,23637,18,0.8352296819787985,0.8
2020-04-26,43539,36276,19,0.8331840418934748,0.8
2020-04-27,43647,36583,19,0.838156116113364,0.8
2020-04-28,43811,37070,20,0.846134532423364,0.8
2020-04-29,43999,37587,22,0.8542694152139821,0.8
2020-04-30,44134,37885,21,0.85840848325554,0.8
2020-05-01,74438,62610,24,0.841102662618555,0.8
2020-05-02,171721,141112,26,0.8217515621269385,0.8
2020-05-03,336210,273406,28,0.8132000832812826,0.8
2020-05-04,338240,277438,28,0.8202400662251655,0.8
2020-05-05,340001,280941,27,0.8262946285452102,0.8
2020-05-06,343363,287838,28,0.8382906719710627,0.8
2020-05-07,346260,291271,28,0.841191590134581,0.8
2020-05-08,349205,292914,28,0.8388024226457239,0.8
2020-05-09,351410,296248,28,0.8430266640106997,0.8
2020-05-10,247967,214455,29,0.8648529844697077,0.8
2020-05-11,249078,216095,29,0.8675796336890452,0.8
2020-05-12,260616,226478,30,0.8690103447217362,0.8
2020-05-13,285193,248201,31,0.870291346561802,0.8
2020-05-14,289390,252364,32,0.8720550122671827,0.8
2020-05-15,290498,254060,35,0.8745671226652163,0.8
2020-05-16,299067,261861,37,0.8755930945239695,0.8
2020-05-17,300467,264345,38,0.8797804750604892,0.8
2020-05-18,321338,281998,41,0.8775743920731441,0.8
2020-05-19,322960,283816,42,0.8787961357443647,0.8
2020-05-20,326605,289482,43,0.8863367064190689,0.8
2020-05-21,329251,292801,43,0.8892941858946518,0.8
2020-05-22,339399,302777,45,0.8920975017604649,0.8
2020-05-23,356796,317210,46,0.8890514467650983,0.8
2020-05-24,357471,318459,46,0.8908666717020401,0.8
2020-05-25,354336,316911,44,0.8943799105933351,0.8
2020-05-26,347855,312598,43,0.8986445501717669,0.8
2020-05-27,348437,314760,43,0.9033483814864667,0.8
2020-05-28,366304,329454,47,0.8994004979470603,0.8
2020-05-29,367673,330916,48,0.9000280140233305,0.8
2020-05-30,368438,332267,48,0.9018260874285497,0.8
2020-05-31,369156,333206,48,0.9026156963451766,0.8
2020-06-01,364141,329432,49,0.9046825268234008,0.8
2020-06-02,372704,337296,50,0.9049969949343178,0.8
2020-06-03,373652,339779,50,0.9093461295537024,0.8
2020-06-04,491883,436250,51,0.8868979005169929,0.8
2020-06-05,501943,444898,54,0.886351637536533,0.8
2020-06-06,503707,446751,53,0.8869263282027051,0.8
2020-06-07,689944,596892,56,0.8651310831023967,0.8
2020-06-08,696466,605095,55,0.8688076661315843,0.8
2020-06-09,702291,614772,56,0.8753807182492728,0.8
2020-06-10,710017,622398,56,0.8765959124922361,0.8
2020-06-11,717468,629313,56,0.8771304086035893,0.8
2020-06-12,726876,636974,56,0.8763172810768274,0.8
2020-06-13,737476,646294,57,0.8763593662709024,0.8
2020-06-14,745862,653842,56,0.8766259710241304,0.8
2020-06-15,755269,662347,60,0.8769683384330615,0.8
2020-06-16,743198,656218,59,0.8829652394113009,0.8
2020-06-17,781795,684425,59,0.8754532837892286,0.8
2020-06-18,986106,848830,61,0.8607898136711469,0.8
2020-06-19,1041551,893403,63,0.8577621259064606,0.8
2020-06-20,1051999,903894,63,0.8592156456422487,0.8
2020-06-21,1066933,916491,64,0.858995831978203,0.8
2020-06-22,1076703,927116,64,0.8610693942526397,0.8
2020-06-23,1173808,1009008,64,0.8596022518163107,0.8
2020-06-24,1186159,1023529,65,0.8628935918371821,0.8
2020-06-25,1197449,1035014,65,0.8643491288564273,0.8
2020-06-26,1211248,1048469,67,0.8656105108119889,0.8
2020-06-27,1222226,1060691,68,0.8678354085087373,0.8
2020-06-28,1260156,1093873,68,0.8680457022781306,0.8
2020-06-29,1315152,1140653,67,0.8673164774870129,0.8
2020-06-30,1326081,1153800,68,0.870082596764451,0.8
2020-07-01,1336347,1168852,68,0.8746620451125344,0.8
2020-07-02,1347381,1183308,69,0.8782282071663472,0.8
2020-07-03,1358421,1196105,68,0.880511270070177,0.8
2020-07-04,1432025,1259212,70,0.8793226375237863,0.8
2020-07-05,1430797,1261593,70,0.8817414350183849,0.8
2020-07-06,1460870,1290272,71,0.8832216418983209,0.8
2020-07-07,1764644,1539064,72,0.8721668506508962,0.8
2020-07-08,1513089,1342969,71,0.887567750476013,0.8
2020-07-09,1758759,1545483,71,0.8787349489043127,0.8
2020-07-10,1791367,1575208,71,0.8793329340107303,0.8
2020-07-11,1799473,1585371,69,0.8810196096301528,0.8
2020-07-12,1800177,1588885,69,0.8826270972243285,0.8
2020-07-13,2125994,1853641,71,0.8718938059091418,0.8
2020-07-14,2142360,1871991,72,0.8737985212569316,0.8
2020-07-15,2133963,1870638,68,0.8766028276966377,0.8
2020-07-16,2167905,1900370,69,0.8765928396308879,0.8
2020-07-17,1974339,1757648,68,0.8902463052191139,0.8
2020-07-18,1984536,1768446,67,0.8911130863839205,0.8
2020-07-19,1985026,1771967,64,0.8926668970582753,0.8
2020-07-20,2246968,1986603,65,0.8841260756717496,0.8
2020-07-21,2259963,2001046,65,0.8854330800990989,0.8
2020-07-22,2272785,2015393,65,0.8867503965399279,0.8
2020-07-23,2555516,2249023,66,0.8800661001535502,0.8
2020-07-24,2571966,2280218,66,0.8865661521186516,0.8
2020-07-25,2586581,2292717,66,0.8863890208735006,0.8
2020-07-26,2600412,2304826,66,0.8863310890735776,0.8
2020-07-27,2597458,2306128,65,0.8878403423654974,0.8
2020-07-28,2634345,2338246,65,0.8876005230901799,0.8
2020-07-29,2626665,2337773,63,0.8900156662535953,0.8
2020-07-30,2636975,2349102,61,0.8908321087609856,0.8
2020-07-31,2681493,2390367,62,0.8914313779674233,0.8
2020-08-01,2692953,2403444,63,0.8924938534018232,0.8
2020-08-02,2720854,2428851,65,0.8926796513153591,0.8
2020-08-03,3171246,2794601,67,0.8812312258336313,0.8
2020-08-04,3283277,2888366,71,0.8797204743918957,0.8
2020-08-05,3393676,2986569,72,0.8800395205670783,0.8
2020-08-06,3364491,2966584,71,0.8817333736366065,0.8
2020-08-07,2922527,2617394,69,0.8955927524365045,0.8
2020-08-08,3398769,3004992,69,0.8841412876250195,0.8
2020-08-09,3511393,3104248,70,0.8840502900131088,0.8
2020-08-10,3525432,3125668,68,0.8866056698866975,0.8
2020-08-11,6701698,5672451,71,0.8464199669994082,0.8
2020-08-12,6780590,5751987,72,0.8483018439398341,0.8
2020-08-13,3741595,3304182,72,0.8830945091598636,0.8
2020-08-14,6892324,5861953,72,0.8505045613061719,0.8
2020-08-15,7547171,6358303,73,0.8424750148101852,0.8
2020-08-16,7706857,6502031,73,0.843668307326839,0.8
2020-08-17,7754693,6571896,74,0.8474733944980156,0.8
2020-08-18,7795869,6652608,73,0.8533504090435589,0.8
2020-08-19,7870497,6729304,72,0.8550036929052892,0.8
2020-08-20,7691771,6592448,72,0.8570780383347346,0.8
2020-08-21,7768790,6631044,71,0.8535491369955939,0.8
2020-08-22,8777306,7476704,73,0.8518221878102461,0.8
2020-08-23,7891348,6766675,71,0.8574802429192072,0.8
2020-08-24,7917637,6813222,71,0.860512044186921,0.8
2020-08-25,8946010,7684687,71,0.8590071998578137,0.8
2020-08-26,9143699,7862378,71,0.8598684186782614,0.8
2020-08-27,9310851,8010481,75,0.860338222574929,0.8
2020-08-28,9388608,8076262,75,0.860219321117678,0.8
2020-08-29,9464469,8150307,76,0.8611478361860554,0.8
2020-08-30,9535396,8213950,76,0.8614167675888867,0.8
2020-08-31,9575989,8270906,75,0.8637129804555957,0.8
2020-09-01,9643785,8380556,73,0.869011078119224,0.8
2020-09-02,9741089,8470237,76,0.8695369686079246,0.8
2020-09-03,9792550,8521088,75,0.8701602749028599,0.8
2020-09-04,9744809,8486730,74,0.8708975209262696,0.8
2020-09-05,9832191,8554531,77,0.8700533787433543,0.8
2020-09-06,10019790,8709367,78,0.8692165205059188,0.8
2020-09-07,9934753,8661258,79,0.8718141256254685,0.8
2020-09-08,10639260,9249135,78,0.869340066884351,0.8
2020-09-09,10833512,9439060,80,0.8712834766786616,0.8
2020-09-10,10992980,9599155,82,0.8732077198357497,0.8
2020-09-11,11084743,9689157,83,0.8740984793242387,0.8
2020-09-12,11065105,9673361,83,0.8742222509411343,0.8
2020-09-13,11256170,9805376,85,0.8711112216677609,0.8
2020-09-14,11283080,9867978,85,0.8745819403921624,0.8
2020-09-15,11333172,9942954,85,0.87733195966672,0.8
2020-09-16,11345715,9960578,85,0.8779154068298032,0.8
2020-09-17,11402119,10008068,85,0.8777375503623494,0.8
2020-09-18,11587949,10147933,86,0.8757315897748601,0.8
2020-09-19,11555190,10139799,85,0.8775103654721385,0.8
2020-09-20,17549610,14942380,89,0.8514365846306556,0.8
2020-09-21,18102751,15452791,89,0.8536156189741548,0.8
2020-09-22,18350965,15690561,90,0.8550264795339101,0.8
2020-09-23,19173331,16399585,88,0.8553331186949206,0.8
2020-09-24,19274343,16515969,87,0.8568888184671197,0.8
2020-09-25,19472338,16713751,88,0.8583330363308197,0.8
2020-09-26,20166474,17331632,92,0.8594279793284637,0.8
2020-09-27,20770177,17833505,93,0.8586111230539827,0.8
2020-09-28,20945074,18026438,93,0.860652867590728,0.8
2020-09-29,21111963,18225428,95,0.8632749119539477,0.8
2020-09-30,21309877,18414518,95,0.864130656408763,0.8
2020-10-01,21473358,18564744,94,0.8645477805567252,0.8
2020-10-02,21643122,18675772,93,0.8628963972942536,0.8
2020-10-03,21505452,18619201,92,0.8657898006514813,0.8
2020-10-04,20902633,18179520,92,0.8697239242539445,0.8
2020-10-05,20890890,18245687,92,0.8733800714091166,0.8
2020-10-06,21020861,18408956,91,0.8757470019900707,0.8
2020-10-07,21221890,18583728,92,0.8756867555151779,0.8
2020-10-08,21380914,18730908,91,0.8760574033458065,0.8
2020-10-09,21870767,19116593,91,0.8740705344261589,0.8
2020-10-10,22044403,19257900,91,0.873595896427769,0.8
2020-10-11,22197898,19441410,91,0.8758221161300949,0.8
2020-10-12,22264957,19531793,90,0.8772436883664316,0.8
2020-10-13,22342802,19622530,89,0.8782483951654766,0.8
2020-10-14,22492904,19765433,91,0.8787408242172732,0.8
2020-10-15,22774153,19999532,90,0.8781679828005019,0.8
2020-10-16,22942071,20141170,90,0.8779142039966662,0.8
2020-10-17,23085068,20258360,89,0.877552537423758,0.8
2020-10-18,23230127,20410963,89,0.8786419032491729,0.8
2020-10-19,22976584,20239481,87,0.8808742413580714,0.8
2020-10-20,23104510,20370927,87,0.8816861729593054,0.8
2020-10-21,23254770,20500938,86,0.8815799081220757,0.8
2020-10-22,23404858,20637289,86,0.881752369529437,0.8
2020-10-23,23556670,20763260,87,0.8814174499197043,0.8
2020-10-24,24094880,21190141,88,0.8794457992735386,0.8
2020-10-25,24196766,21291518,87,0.8799323843525205,0.8
2020-10-26,24305325,21425529,87,0.8815158406645457,0.8
2020-10-27,23854316,21462585,88,0.8997359220025425,0.8
2020-10-28,23999960,21606398,87,0.9002680837801397,0.8
2020-10-29,24091239,21691804,86,0.9004021752471926,0.8
2020-10-30,24229938,21829831,86,0.9009445670063209,0.8
2020-10-31,24372806,21964873,88,0.9012041124850376,0.8
2020-11-01,23576188,21383350,88,0.90698928936264,0.8
2020-11-02,23671164,21506551,88,0.908554856026514,0.8
2020-11-03,24187357,21948424,88,0.9074337473085629,0.8
2020-11-04,24309935,22066124,88,0.9076998354787867,0.8
2020-11-05,24444957,22176256,88,0.9071914505719932,0.8
2020-11-06,24908662,22581286,90,0.9065635882007632,0.8
2020-11-07,25039283,22694343,90,0.9063495548175241,0.8
2020-11-08,25167800,22817838,90,0.9066282313114377,0.8
2020-11-09,25268213,22917539,90,0.9069711023886018,0.8
2020-11-10,25385298,23040779,91,0.9076426441793198,0.8
2020-11-11,25522321,23254512,91,0.9111440922633957,0.8
2020-11-12,25683508,23404142,90,0.911251765140494,0.8
2020-11-13,25716382,23433105,89,0.9112131325471834,0.8
2020-11-14,25853309,23531614,89,0.9101973755081023,0.8
2020-11-15,25981645,23643665,89,0.9100141657697194,0.8
2020-11-16,26282622,23973196,91,0.9121310651578065,0.8
2020-11-17,26491731,24174256,93,0.9125208164011631,0.8
2020-11-18,26643465,24308930,95,0.9123787014939686,0.8
2020-11-19,26702250,24366769,94,0.9125361720454269,0.8
2020-11-20,26810864,24467490,93,0.912596102833538,0.8
2020-11-21,27454281,24966660,93,0.9093904152871459,0.8
2020-11-22,27636227,25141963,93,0.9097465800957562,0.8
2020-11-23,27873426,25365182,98,0.9100130712313586,0.8
2020-11-24,28122195,25600741,98,0.910339360067733,0.8
2020-11-25,28234929,25691711,99,0.9099265310707882,0.8
2020-11-26,27885222,25397636,98,0.9107919599851133,0.8
2020-11-27,27917281,25421282,97,0.91059304808373,0.8
2020-11-28,28237635,25674279,98,0.9092220010634743,0.8
2020-11-29,28474765,25865667,96,0.9083715704062878,0.8
2020-11-30,28734253,26100762,97,0.9083501144087511,0.8
2020-12-01,29116330,26520917,97,0.9108605720569866,0.8
2020-12-02,29139268,26566587,95,0.9117108569782879,0.8
2020-12-03,29317301,26722014,94,0.9114759233805322,0.8
2020-12-04,29606101,26969936,95,0.9109587243521192,0.8
2020-12-05,29611257,26993813,94,0.9116064542616343,0.8
2020-12-06,29925829,27247266,95,0.9104932732189307,0.8
2020-12-07,30051857,27396759,94,0.911649453143611,0.8
2020-12-08,30071760,27497389,94,0.9143924066965152,0.8
2020-12-09,31023960,28241018,97,0.9102970091503471,0.8
2020-12-10,31204018,28446405,97,0.9116263488887874,0.8
2020-12-11,31387748,28600956,97,0.9112140189222878,0.8
2020-12-12,32766615,30464920,100,0.9297548739776751,0.8
2020-12-13,32846808,30582648,98,0.9310691011437093,0.8
2020-12-14,33381254,31047253,99,0.9300804876892881,0.8
2020-12-15,33656549,31319901,100,0.9305737495546558,0.8
2020-12-16,33469388,31202058,99,0.93225660415422,0.8
2020-12-17,33850867,31539245,100,0.9317115865894956,0.8
2020-12-18,34123451,31751100,102,0.930477401010818,0.8
2020-12-19,34130502,31800847,100,0.9317427267843877,0.8
2020-12-20,34325600,31969544,101,0.9313615493975342,0.8
2020-12-21,34517584,32207719,100,0.933081498403828,0.8
2020-12-22,35173074,32799051,101,0.9325045345766481,0.8
2020-12-23,35394552,32968310,101,0.9314515409038091,0.8
2020-12-24,35597346,33125850,99,0.9305707790687542,0.8
2020-12-25,35805563,33269473,98,0.9291705034773508,0.8
2020-12-26,35940197,33559202,98,0.9337511978579305,0.8
2020-12-27,36071069,33729620,97,0.9350878955098336,0.8
2020-12-28,36201707,33896984,97,0.9363366208118308,0.8
2020-12-29,37728401,35195435,99,0.9328631499649296,0.8
